tag,family,params,train_start,train_end,train_final,train_cagr,train_mdd,train_sharpe,train_trades,train_turnover,train_exposure,train_locked,score
ema_10_50,ema_cross,"{""family"": ""ema_cross"", ""a"": 10, ""b"": 50, ""tag"": ""ema_10_50""}",2021-09-28,2023-12-31,11540.07,0.065424,0.095465,0.6605,19,8.4,0.52,False,0.015021749999999992
price_sma_100,price_sma,"{""family"": ""price_sma"", ""n"": 100, ""tag"": ""price_sma_100""}",2021-09-28,2023-12-31,11296.59,0.05542,0.077544,0.5671,29,12.82,0.5091,False,0.012894499999999993
voltrend_100_0.2,vol_trend,"{""family"": ""vol_trend"", ""ma"": 100, ""tv"": 0.2, ""tag"": ""voltrend_100_0.2""}",2021-09-28,2023-12-31,11262.21,0.053998,0.077544,0.5751,36,13.13,0.489,False,0.011435499999999993
breakvol_55_0.1,break_vol,"{""family"": ""break_vol"", ""n"": 55, ""tv"": 0.1, ""tag"": ""breakvol_55_0.1""}",2021-09-28,2023-12-31,10561.49,0.024464,0.047201,0.4817,21,3.27,0.171,False,0.0008943499999999975
ema_20_50,ema_cross,"{""family"": ""ema_cross"", ""a"": 20, ""b"": 50, ""tag"": ""ema_20_50""}",2021-09-28,2023-12-31,11038.36,0.044677,0.085651,0.4791,11,4.86,0.5152,False,-0.0005353500000000037
breakvol_55_0.2,break_vol,"{""family"": ""break_vol"", ""n"": 55, ""tv"": 0.2, ""tag"": ""breakvol_55_0.2""}",2021-09-28,2023-12-31,10469.86,0.020522,0.059811,0.32,12,3.63,0.2203,False,-0.011223050000000004
breakout_55,breakout,"{""family"": ""breakout"", ""n"": 55, ""tag"": ""breakout_55""}",2021-09-28,2023-12-31,10526.86,0.022976,0.072162,0.3339,8,3.54,0.2352,False,-0.015437800000000005
voltrend_100_0.1,vol_trend,"{""family"": ""vol_trend"", ""ma"": 100, ""tv"": 0.1, ""tag"": ""voltrend_100_0.1""}",2021-09-28,2023-12-31,10590.5,0.025708,0.074851,0.3729,65,13.62,0.3866,False,-0.016935750000000003
vote_3_0.15,vote,"{""family"": ""vote"", ""n"": 3, ""tv"": 0.15, ""tag"": ""vote_3_0.15""}",2021-09-28,2023-12-31,10529.53,0.023091,0.075211,0.3015,51,15.79,0.4315,False,-0.020901549999999998
cont_1.0_0.2,continuous,"{""family"": ""continuous"", ""k"": 1.0, ""tv"": 0.2, ""tag"": ""cont_1.0_0.2""}",2021-09-28,2023-12-31,9974.03,-0.00115,0.03212,-0.011,116,7.0,0.1501,False,-0.020993000000000008
ema_20_100,ema_cross,"{""family"": ""ema_cross"", ""a"": 20, ""b"": 100, ""tag"": ""ema_20_100""}",2021-09-28,2023-12-31,10840.61,0.036355,0.107127,0.3949,11,4.86,0.5406,False,-0.021258550000000005
cont_1.0_0.3,continuous,"{""family"": ""continuous"", ""k"": 1.0, ""tv"": 0.3, ""tag"": ""cont_1.0_0.3""}",2021-09-28,2023-12-31,10038.09,0.001683,0.039359,0.0621,115,6.93,0.1552,False,-0.021608750000000003
vote_3_0.25,vote,"{""family"": ""vote"", ""n"": 3, ""tv"": 0.25, ""tag"": ""vote_3_0.25""}",2021-09-28,2023-12-31,10664.54,0.028874,0.092761,0.3352,37,15.56,0.4697,False,-0.02446615
vote_3_0.0,vote,"{""family"": ""vote"", ""n"": 3, ""tv"": 0.0, ""tag"": ""vote_3_0.0""}",2021-09-28,2023-12-31,10648.21,0.028177,0.09415,0.3282,35,15.47,0.4703,False,-0.025949100000000003
breakvol_100_0.1,break_vol,"{""family"": ""break_vol"", ""n"": 100, ""tv"": 0.1, ""tag"": ""breakvol_100_0.1""}",2021-09-28,2023-12-31,10141.75,0.006247,0.060477,0.1487,19,3.23,0.1494,False,-0.026943450000000004
cont_1.5_0.2,continuous,"{""family"": ""continuous"", ""k"": 1.5, ""tv"": 0.2, ""tag"": ""cont_1.5_0.2""}",2021-09-28,2023-12-31,10014.35,0.000635,0.052733,0.0395,143,10.9,0.2231,False,-0.031361650000000005
ema_50_100,ema_cross,"{""family"": ""ema_cross"", ""a"": 50, ""b"": 100, ""tag"": ""ema_50_100""}",2021-09-28,2023-12-31,10729.18,0.031628,0.119199,0.3479,7,3.09,0.5442,False,-0.03242315
cont_1.5_0.1,continuous,"{""family"": ""continuous"", ""k"": 1.5, ""tv"": 0.1, ""tag"": ""cont_1.5_0.1""}",2021-09-28,2023-12-31,9830.74,-0.007524,0.044175,-0.1478,125,9.24,0.1748,False,-0.035626849999999995
cont_1.5_0.3,continuous,"{""family"": ""continuous"", ""k"": 1.5, ""tv"": 0.3, ""tag"": ""cont_1.5_0.3""}",2021-09-28,2023-12-31,9924.62,-0.003342,0.064088,-0.0279,149,11.42,0.2288,False,-0.042211700000000005
breakvol_100_0.2,break_vol,"{""family"": ""break_vol"", ""n"": 100, ""tv"": 0.2, ""tag"": ""breakvol_100_0.2""}",2021-09-28,2023-12-31,9879.47,-0.005351,0.067206,-0.048,10,3.54,0.1894,False,-0.04371230000000001
mom_60_ma0,momentum,"{""family"": ""momentum"", ""n"": 60, ""ma"": 0, ""tag"": ""mom_60_ma0""}",2021-09-28,2023-12-31,10485.98,0.021217,0.11245,0.255,41,18.13,0.5382,False,-0.0442845
breakout_100,breakout,"{""family"": ""breakout"", ""n"": 100, ""tag"": ""breakout_100""}",2021-09-28,2023-12-31,9895.37,-0.004643,0.074593,-0.031,8,3.54,0.1964,False,-0.04694815000000001
price_sma_150,price_sma,"{""family"": ""price_sma"", ""n"": 150, ""tag"": ""price_sma_150""}",2021-09-28,2023-12-31,10434.33,0.018988,0.125333,0.229,33,13.26,0.5376,False,-0.05232015000000001
breakvol_20_0.1,break_vol,"{""family"": ""break_vol"", ""n"": 20, ""tv"": 0.1, ""tag"": ""breakvol_20_0.1""}",2021-09-28,2023-12-31,10015.31,0.000677,0.092842,0.0439,46,9.38,0.2603,False,-0.0528928
vote_4_0.15,vote,"{""family"": ""vote"", ""n"": 4, ""tv"": 0.15, ""tag"": ""vote_4_0.15""}",2021-09-28,2023-12-31,9983.73,-0.00072,0.088344,0.0233,48,16.0,0.2136,False,-0.053946100000000004
ema_50_200,ema_cross,"{""family"": ""ema_cross"", ""a"": 50, ""b"": 200, ""tag"": ""ema_50_200""}",2021-09-28,2023-12-31,10249.39,0.010958,0.117876,0.1549,9,3.98,0.6061,False,-0.053983500000000004
rsi14_30_70_ma0,rsi14,"{""family"": ""rsi14"", ""buy"": 30, ""sell"": 70, ""trend"": 0, ""tag"": ""rsi14_30_70_ma0""}",2021-09-28,2023-12-31,10560.1,0.024404,0.146295,0.3126,16,4.41,0.4624,False,-0.055193050000000014
breakvol_20_0.2,break_vol,"{""family"": ""break_vol"", ""n"": 20, ""tv"": 0.2, ""tag"": ""breakvol_20_0.2""}",2021-09-28,2023-12-31,10163.22,0.007189,0.117843,0.1239,28,10.26,0.3405,False,-0.059835349999999995
breakout_20,breakout,"{""family"": ""breakout"", ""n"": 20, ""tag"": ""breakout_20""}",2021-09-28,2023-12-31,10131.16,0.005782,0.128189,0.1081,24,10.17,0.3558,False,-0.06701625000000001
vote_4_0.25,vote,"{""family"": ""vote"", ""n"": 4, ""tv"": 0.25, ""tag"": ""vote_4_0.25""}",2021-09-28,2023-12-31,9776.61,-0.009945,0.122992,-0.0944,42,17.46,0.2294,False,-0.08348940000000002
vote_4_0.0,vote,"{""family"": ""vote"", ""n"": 4, ""tv"": 0.0, ""tag"": ""vote_4_0.0""}",2021-09-28,2023-12-31,9735.17,-0.011805,0.126013,-0.1189,42,17.46,0.2294,False,-0.08718245
buy_hold,buy_hold,"{""family"": ""buy_hold"", ""tag"": ""buy_hold""}",2021-09-28,2023-12-31,10488.06,0.021306,0.199308,0.2337,41,4.82,0.8677,False,-0.08812350000000002
price_sma_50,price_sma,"{""family"": ""price_sma"", ""n"": 50, ""tag"": ""price_sma_50""}",2021-09-28,2023-12-31,10035.16,0.001554,0.170783,0.0663,58,22.32,0.4941,False,-0.09860855
vote_2_0.15,vote,"{""family"": ""vote"", ""n"": 2, ""tv"": 0.15, ""tag"": ""vote_2_0.15""}",2021-09-28,2023-12-31,9373.53,-0.028217,0.128636,-0.2384,73,22.86,0.5529,False,-0.1074936
mom_60_ma200,momentum,"{""family"": ""momentum"", ""n"": 60, ""ma"": 200, ""tag"": ""mom_60_ma200""}",2021-09-28,2023-12-31,9461.36,-0.024199,0.143925,-0.214,64,18.99,0.4212,False,-0.11055274999999999
voltrend_200_0.1,vol_trend,"{""family"": ""vol_trend"", ""ma"": 200, ""tv"": 0.1, ""tag"": ""voltrend_200_0.1""}",2021-09-28,2023-12-31,9295.51,-0.031804,0.136785,-0.357,81,17.68,0.4324,False,-0.11483875
vote_2_0.0,vote,"{""family"": ""vote"", ""n"": 2, ""tv"": 0.0, ""tag"": ""vote_2_0.0""}",2021-09-28,2023-12-31,9354.87,-0.029074,0.147672,-0.2319,65,21.65,0.5535,False,-0.1184119
vote_2_0.25,vote,"{""family"": ""vote"", ""n"": 2, ""tv"": 0.25, ""tag"": ""vote_2_0.25""}",2021-09-28,2023-12-31,9353.74,-0.029125,0.147774,-0.2326,71,22.18,0.5531,False,-0.1186829
mom_120_ma0,momentum,"{""family"": ""momentum"", ""n"": 120, ""ma"": 0, ""tag"": ""mom_120_ma0""}",2021-09-28,2023-12-31,9361.67,-0.028761,0.163603,-0.2341,56,17.56,0.546,False,-0.12564935000000002
voltrend_200_0.2,vol_trend,"{""family"": ""vol_trend"", ""ma"": 200, ""tv"": 0.2, ""tag"": ""voltrend_200_0.2""}",2021-09-28,2023-12-31,9137.92,-0.039101,0.171666,-0.3728,56,17.61,0.4852,False,-0.1414099
mom_20_ma0,momentum,"{""family"": ""momentum"", ""n"": 20, ""ma"": 0, ""tag"": ""mom_20_ma0""}",2021-09-28,2023-12-31,9228.45,-0.0349,0.176,-0.3003,77,29.73,0.5033,False,-0.1427211
rsi2_15_80,rsi2,"{""family"": ""rsi2"", ""buy"": 15, ""sell"": 80, ""tag"": ""rsi2_15_80""}",2021-09-28,2023-12-31,8667.61,-0.061304,0.151591,-1.2272,41,14.15,0.1488,False,-0.15751445
mom_20_ma200,momentum,"{""family"": ""momentum"", ""n"": 20, ""ma"": 200, ""tag"": ""mom_20_ma200""}",2021-09-28,2023-12-31,8721.59,-0.058721,0.17124,-0.6512,70,24.63,0.3527,False,-0.1648504
price_sma_200,price_sma,"{""family"": ""price_sma"", ""n"": 200, ""tag"": ""price_sma_200""}",2021-09-28,2023-12-31,8810.56,-0.054485,0.198353,-0.5681,71,18.3,0.4344,False,-0.17304585
mom_120_ma200,momentum,"{""family"": ""momentum"", ""n"": 120, ""ma"": 200, ""tag"": ""mom_120_ma200""}",2021-09-28,2023-12-31,8736.13,-0.058028,0.196585,-0.62,68,20.32,0.4081,False,-0.17658575
breakout_200,breakout,"{""family"": ""breakout"", ""n"": 200, ""tag"": ""breakout_200""}",2021-09-28,2023-12-31,9506.92,-0.022123,0.111419,-0.3432,6,2.65,0.0885,False,-1000.0
rsi14_20_70_ma0,rsi14,"{""family"": ""rsi14"", ""buy"": 20, ""sell"": 70, ""trend"": 0, ""tag"": ""rsi14_20_70_ma0""}",2021-09-28,2023-12-31,10000.0,0.0,-0.0,0.0,0,0.0,0.0,False,-1000.0
rsi14_10_60_ma200,rsi14,"{""family"": ""rsi14"", ""buy"": 10, ""sell"": 60, ""trend"": 200, ""tag"": ""rsi14_10_60_ma200""}",2021-09-28,2023-12-31,10000.0,0.0,-0.0,0.0,0,0.0,0.0,False,-1000.0
rsi14_10_60_ma0,rsi14,"{""family"": ""rsi14"", ""buy"": 10, ""sell"": 60, ""trend"": 0, ""tag"": ""rsi14_10_60_ma0""}",2021-09-28,2023-12-31,10000.0,0.0,-0.0,0.0,0,0.0,0.0,False,-1000.0
rsi14_20_70_ma200,rsi14,"{""family"": ""rsi14"", ""buy"": 20, ""sell"": 70, ""trend"": 200, ""tag"": ""rsi14_20_70_ma200""}",2021-09-28,2023-12-31,10000.0,0.0,-0.0,0.0,0,0.0,0.0,False,-1000.0
cont_0.6_0.1,continuous,"{""family"": ""continuous"", ""k"": 0.6, ""tv"": 0.1, ""tag"": ""cont_0.6_0.1""}",2021-09-28,2023-12-31,9876.65,-0.005476,0.021413,-0.2965,84,3.38,0.0687,False,-1000.0
rsi2_5_60,rsi2,"{""family"": ""rsi2"", ""buy"": 5, ""sell"": 60, ""tag"": ""rsi2_5_60""}",2021-09-28,2023-12-31,10215.11,0.009461,0.019185,0.3697,16,7.07,0.0303,False,-1000.0
rsi14_30_70_ma200,rsi14,"{""family"": ""rsi14"", ""buy"": 30, ""sell"": 70, ""trend"": 200, ""tag"": ""rsi14_30_70_ma200""}",2021-09-28,2023-12-31,10506.71,0.022109,0.024851,0.6896,4,1.77,0.0545,False,-1000.0
cont_0.6_0.3,continuous,"{""family"": ""continuous"", ""k"": 0.6, ""tv"": 0.3, ""tag"": ""cont_0.6_0.3""}",2021-09-28,2023-12-31,9843.29,-0.006964,0.027485,-0.2808,84,3.87,0.0895,False,-1000.0
cont_0.6_0.2,continuous,"{""family"": ""continuous"", ""k"": 0.6, ""tv"": 0.2, ""tag"": ""cont_0.6_0.2""}",2021-09-28,2023-12-31,9888.86,-0.004932,0.024106,-0.2071,80,3.65,0.0857,False,-1000.0
cont_1.0_0.1,continuous,"{""family"": ""continuous"", ""k"": 1.0, ""tv"": 0.1, ""tag"": ""cont_1.0_0.1""}",2021-09-28,2023-12-31,9832.7,-0.007437,0.037418,-0.2243,107,6.03,0.1158,False,-1000.0
rsi2_10_70,rsi2,"{""family"": ""rsi2"", ""buy"": 10, ""sell"": 70, ""tag"": ""rsi2_10_70""}",2021-09-28,2023-12-31,8769.98,-0.056414,0.141608,-1.2834,38,13.49,0.1118,False,-1000.0
